{"cameraMode":{"drawMode":0,"name":"Shaded","section":"Shading Mode"},"sceneLighting":true,"audioPlay":false,"sceneViewState":{"m_AlwaysRefresh":false,"showFog":true,"showSkybox":true,"showFlares":true,"showImageEffects":true,"showParticleSystems":true,"showVisualEffectGraphs":true,"m_FxEnabled":true},"in2DMode":false,"pivot":{"x":-25.214473724365236,"y":7.406587600708008,"z":-13.078636169433594},"rotation":{"x":-0.13245876133441926,"y":-0.3076438009738922,"z":0.043293993920087817,"w":-0.9412416815757752},"size":0.0012697671772912145,"orthographic":false}